<?xml version="1.0" encoding="UTF-8"?>
<project-private xmlns="http://www.netbeans.org/ns/project-private/1">
    <editor-bookmarks xmlns="http://www.netbeans.org/ns/editor-bookmarks/2" lastBookmarkId="0"/>
    <open-files xmlns="http://www.netbeans.org/ns/projectui-open-files/2">
        <group>
            <file>file:/home/rogojagad/Documents/Progjar/MulticastGUI/src/MulticastServer.java</file>
            <file>file:/home/rogojagad/Documents/Progjar/MulticastGUI/src/QuizHandler.java</file>
            <file>file:/home/rogojagad/Documents/Progjar/MulticastGUI/src/Soal.java</file>
            <file>file:/home/rogojagad/Documents/Progjar/MulticastGUI/src/MulticastGUIServer.java</file>
            <file>file:/home/rogojagad/Documents/Progjar/MulticastGUI/src/MulticastClient.java</file>
        </group>
    </open-files>
</project-private>
